CREATE SCHEMA EC5_SI1N;

SET sql_safe_updates = 0;

USE EC5_SI1N;

CREATE TABLE IF NOT EXISTS CLIENTES(
ID_CLIENTE INT PRIMARY KEY,
NOME_CLIENTE VARCHAR(100) NOT NULL,
CPF_CLIENTE VARCHAR(20) NOT NULL,
TELEFONE_CLIENTE VARCHAR(13) NOT NULL,
DATANASC_CLIENTE VARCHAR(10) NOT NULL,
STATUSFIDELIDADE_CLIENTE VARCHAR(100) NOT NULL,
CEP_CLIENTE VARCHAR(50) NOT NULL,
RUA_CLIENTE VARCHAR(50) NOT NULL,
NUMCASA_CLIENTE VARCHAR(5) NOT NULL,
BAIRRO_CLIENTE VARCHAR(40) NOT NULL,
IDADE_CLIENTE VARCHAR(3) NOT NULL,
UF_CLIENTE CHAR(2) NOT NULL
);

CREATE TABLE IF NOT EXISTS PRODUTOS(
ID_PRODUTO INT PRIMARY KEY,
NOME_PRODUTO VARCHAR(50),
CATEGORIA_PRODUTO VARCHAR(45) NOT NULL,
QTD_ESTOQUE VARCHAR(20) NOT NULL,
PRECO_PRODUTO VARCHAR(15) NOT NULL
);

CREATE TABLE IF NOT EXISTS FORNECEDORES(
ID_FORNECEDOR INT PRIMARY KEY,
NOME_FORNECEDOR VARCHAR(100) NOT NULL,
TELEFONE_FORNECEDOR VARCHAR(13) NOT NULL,
CPF_FORNECEDOR VARCHAR(20) NOT NULL,
EMAIL_FORNECEDOR VARCHAR(50) NOT NULL
);

CREATE TABLE IF NOT EXISTS VENDAS(
ID_VENDA INT PRIMARY KEY,
VALOR_VENDA VARCHAR(45) NOT NULL,
ID_CLIENTE INT,
CONSTRAINT VENDAS_CLIENTES FOREIGN KEY(ID_CLIENTE) REFERENCES CLIENTES(ID_CLIENTE)
);

CREATE TABLE IF NOT EXISTS PAGAMENTOS(
ID_PAGT INT PRIMARY KEY AUTO_INCREMENT,
FORMA_PAGAMENTO VARCHAR(50),
DATA_PAGAMENTO DATE NOT NULL,
VALOR_PAGAMENTO VARCHAR(45) NOT NULL,
STATUS_PAGAMENTO VARCHAR(30) NOT NULL,
ID_VENDA_PAGT INT,
CONSTRAINT PAGT_VENDAS FOREIGN KEY(ID_VENDA_PAGT) REFERENCES VENDAS(ID_VENDA)
);

CREATE TABLE IF NOT EXISTS PRODUTOS_VENDAS(
ID_PRODUTO INT,
ID_VENDA INT,
PRIMARY KEY(ID_PRODUTO, ID_VENDA),
QTD_PROD_VENDA VARCHAR(30),
CONSTRAINT PROD_VEND_PRODUTO FOREIGN KEY(ID_PRODUTO) REFERENCES PRODUTOS(ID_PRODUTO),
CONSTRAINT PROD_VEND_VENDAS FOREIGN KEY(ID_VENDA) REFERENCES VENDAS(ID_VENDA)
);

CREATE TABLE IF NOT EXISTS PRODUTOS_FORNECEDORES(
ID_PRODUTO INT,
ID_FORNECEDOR INT,
PRIMARY KEY(ID_PRODUTO, ID_FORNECEDOR),
CONSTRAINT PRDFORN_PRODUTO FOREIGN KEY(ID_PRODUTO) REFERENCES PRODUTOS(ID_PRODUTO),
CONSTRAINT PRDFORN_FORNECEDORES FOREIGN KEY(ID_FORNECEDOR) REFERENCES FORNECEDORES(ID_FORNECEDOR)
);

INSERT INTO CLIENTES (ID_CLIENTE, NOME_CLIENTE, CPF_CLIENTE, TELEFONE_CLIENTE, DATANASC_CLIENTE, STATUSFIDELIDADE_CLIENTE, CEP_CLIENTE, RUA_CLIENTE, NUMCASA_CLIENTE, BAIRRO_CLIENTE, IDADE_CLIENTE, UF_CLIENTE) VALUES
(1, 'João Silva', '123.456.789-00', '11987654321', '1990-05-15', 'Fidelidade Ouro', '01010-000', 'Rua A', '123', 'Centro', '34', 'SP'),
(2, 'Maria Souza', '234.567.890-11', '11998765432', '1985-10-20', 'Fidelidade Prata', '02020-111', 'Rua B', '456', 'Bairro X', '39', 'RJ'),
(3, 'Carlos Almeida', '345.678.901-22', '11876543210', '2000-02-25', 'Fidelidade Bronze', '03030-222', 'Rua C', '789', 'Bairro Y', '24', 'MG'),
(4, 'Ana Costa', '456.789.012-33', '11765432109', '1995-08-30', 'Fidelidade Ouro', '04040-333', 'Rua D', '101', 'Bairro Z', '29', 'BA'),
(5, 'Paulo Pereira', '567.890.123-44', '11654321098', '1992-04-05', 'Fidelidade Prata', '05050-444', 'Rua E', '202', 'Bairro W', '32', 'PR');

UPDATE CLIENTES
SET NOME_CLIENTE = 'João Pedro da Silva'
WHERE NOME_CLIENTE = 'João Silva';

UPDATE CLIENTES
SET CPF_CLIENTE = '123.456.789-11'
WHERE NOME_CLIENTE = 'João Pedro da Silva';

INSERT INTO PRODUTOS (ID_PRODUTO,NOME_PRODUTO, CATEGORIA_PRODUTO, QTD_ESTOQUE, PRECO_PRODUTO) VALUES
(1,'Celular X', 'Eletrônicos', '50', '1000.00'),
(2,'Notebook Y', 'Eletrônicos', '200', '150.00'),
(3,'Pelicula de Celular', 'Acessorios', '300', '30.00'),
(4,'Capa de Celular', 'Acessorios', '150', '50.00'),
(5,'Software de Banco de Dados', 'Software', '20', '500.00');

UPDATE PRODUTOS
SET NOME_PRODUTO = 'Iphone X'
WHERE ID_PRODUTO = 1;

UPDATE PRODUTOS
SET PRECO_PRODUTO = '800,00'
WHERE NOME_PRODUTO = 'Software de Banco de Dados';

INSERT INTO FORNECEDORES (ID_FORNECEDOR, NOME_FORNECEDOR, TELEFONE_FORNECEDOR, CPF_FORNECEDOR, EMAIL_FORNECEDOR) VALUES
(1, 'Fornecedor A', '11912345678', '987.654.321-00', 'fornecedorA@email.com'),
(2, 'Fornecedor B', '11876543210', '876.543.210-11', 'fornecedorB@email.com'),
(3, 'Fornecedor C', '11765432109', '765.432.109-22', 'fornecedorC@email.com'),
(4, 'Fornecedor D', '11654321098', '654.321.098-33', 'fornecedorD@email.com'),
(5, 'Fornecedor E', '11543210987', '543.210.987-44', 'fornecedorE@email.com');

UPDATE FORNECEDORES
SET NOME_FORNECEDOR = 'Apple INC'
WHERE ID_FORNECEDOR = 1;

UPDATE FORNECEDORES
SET NOME_FORNECEDOR = 'Pichau'
WHERE ID_FORNECEDOR = 2;

INSERT INTO VENDAS (ID_VENDA, VALOR_VENDA, ID_CLIENTE) VALUES
(1, '1500.00', 1),
(2, '500.00', 2),
(3, '2000.00', 3),
(4, '300.00', 4),
(5, '1000.00', 5);

UPDATE VENDAS
SET VALOR_VENDA = 2000
WHERE ID_VENDA = 1;

UPDATE VENDAS
SET VALOR_VENDA = 700
WHERE ID_VENDA = 2;

INSERT INTO PAGAMENTOS (FORMA_PAGAMENTO, DATA_PAGAMENTO, VALOR_PAGAMENTO, STATUS_PAGAMENTO, ID_VENDA_PAGT) VALUES
('PIX', '2024-11-01', '1500.00', 'Pago', 1),
('BOLETO', '2024-11-02', '500.00', 'Pago', 2),
('CREDITO', '2024-11-03', '2000.00', 'Pendente', 3),
('DEBITO', '2024-11-04', '300.00', 'Pendente', 4),
('CREDITO', '2024-11-05', '1000.00', 'Pago', 5);

UPDATE PAGAMENTOS
SET STATUS_PAGAMENTO = 'Atrasado'
WHERE ID_PAGT = 3;

UPDATE PAGAMENTOS
SET STATUS_PAGAMENTO = 'Pago'
WHERE ID_PAGT = 4;


INSERT INTO PRODUTOS_VENDAS (ID_PRODUTO, ID_VENDA, QTD_PROD_VENDA) VALUES
(1, 1, '2'),
(2, 2, '3'),
(3, 3, '5'),
(4, 4, '1'),
(5, 5, '4');

UPDATE PRODUTOS_VENDAS
SET ID_PRODUTO = 2
WHERE ID_VENDA = 1;

UPDATE PRODUTOS_VENDAS
SET ID_PRODUTO = 1
WHERE ID_VENDA = 2;

INSERT INTO PRODUTOS_FORNECEDORES (ID_PRODUTO, ID_FORNECEDOR) VALUES
(1, 1),
(2, 2),
(3, 3),
(4, 4),
(5, 5);

UPDATE PRODUTOS_FORNECEDORES
SET ID_PRODUTO = 2
WHERE ID_FORNECEDOR = 1;

UPDATE PRODUTOS_FORNECEDORES
SET ID_PRODUTO = 1
WHERE ID_FORNECEDOR = 2;

DELETE FROM PRODUTOS_FORNECEDORES
WHERE ID_PRODUTO = 5;

DELETE FROM PRODUTOS_VENDAS
WHERE ID_VENDA = 5;

DELETE FROM PAGAMENTOS
WHERE ID_PAGT = 5;

DELETE FROM VENDAS
WHERE ID_VENDA = 5;

DELETE FROM PRODUTOS
WHERE ID_PRODUTO = 5;

DELETE FROM FORNECEDORES
WHERE ID_FORNECEDOR = 5;

DELETE FROM CLIENTES
WHERE ID_CLIENTE = 5;